host,decision,group,path,bytes,allocated_bytes,mtime_utc,inode,device,nlink,reason,result
mac-external,DELETE_AFTER_CLOUD_VERIFICATION,hls-staging,/Volumes/4T Data/buv_render/utxo_hls_crf21,83924850329,83928145920,directory; re-inventory children,,,,"Latest-only policy: remove local streaming staging after verifying cloud object inventory and keeping the current MP4, playlist, recipe and upload state",deleted
mac-external,PROPOSE_DELETE,superseded-input-snapshot,/Volumes/4T Data/buv_render/changes.blk1.full,18165021409,18165022720,2026-08-18T12:43:15.880269+00:00,1914,16777240,1,Latest instruction keeps existing Mac working input and node v3 updater pair; no migration or duplicate backup required,deleted
mac-external,KEEP,protected,/Volumes/4T Data/buv_render/changes.blk1.full964k,18219536984,18219540480,2026-08-28T12:56:04+00:00,2547,16777240,1,Single working render input on Mac; updater pair remains on node; no additional backup copy,kept
mac-external,KEEP,protected,/Volumes/4T Data/buv_render/utxo_4k_epoch105k_60fps_exactledger_weighted_topband_splitpalette_transition_crf21.mp4,83926791196,83926794240,2026-09-03T12:05:38.080439+00:00,4075,16777240,1,Current production master,kept
mac-external,KEEP,protected,/Volumes/4T Data/buv_render/utxo_history.bin,58248613812,58248613888,2026-08-30T02:00:19.879217+00:00,2175,16777240,1,Exact history source and cloud index rebuild input,kept
mac-external,PROPOSE_DELETE,rejected-exactrgb,/Volumes/4T Data/buv_render/utxo_4k_epoch105k_60fps_exactledger_weighted_topband_flashvaluefix_crisp_exactrgb.mkv,312487945375,312487948288,2026-08-31T11:09:37.516141+00:00,3150,16777240,1,Rejected oversized full GBR render; keep small diagnostic sources,deleted
mac-external,PROPOSE_DELETE,rejected-exactrgb,/Volumes/4T Data/buv_render/utxo_4k_epoch105k_60fps_exactledger_weighted_topband_flashvaluefix_crisp_exactrgb.mp4,312498976361,312498978816,2026-08-31T15:29:42.397851+00:00,3331,16777240,1,Rejected oversized full GBR render; keep small diagnostic sources,deleted
mac-external,PROPOSE_DELETE,render-experiments,/Volumes/4T Data/buv_render/ABANDONED_crf16_partial.mkv,285999104,285999104,2026-08-31T13:43:53.628748+00:00,3231,16777240,1,Old sample or failed run; retain logs and selected short reference clips,deleted
mac-external,PROPOSE_DELETE,render-experiments,/Volumes/4T Data/buv_render/diagnostics/luttest/exactrgb_precomp_broken-player_block167675_6s.mp4,19192081,19193856,2026-08-31T15:53:18.847481+00:00,3381,16777240,1,"Superseded encoding trial; retain logs, hashes and three source/control clips",deleted
mac-external,PROPOSE_DELETE,render-experiments,/Volumes/4T Data/buv_render/diagnostics/presettest/crf12.f300.rgb,24883200,24883200,2026-08-31T13:26:35.489257+00:00,3228,16777240,1,"Superseded encoding trial; retain logs, hashes and three source/control clips",deleted
mac-external,PROPOSE_DELETE,render-experiments,/Volumes/4T Data/buv_render/diagnostics/presettest/crf12.mkv,122095643,122097664,2026-08-31T13:26:00.001379+00:00,3223,16777240,1,"Superseded encoding trial; retain logs, hashes and three source/control clips",deleted
mac-external,PROPOSE_DELETE,render-experiments,/Volumes/4T Data/buv_render/diagnostics/presettest/crf16.f300.rgb,24883200,24883200,2026-08-31T13:26:32.456725+00:00,3227,16777240,1,"Superseded encoding trial; retain logs, hashes and three source/control clips",deleted
mac-external,PROPOSE_DELETE,render-experiments,/Volumes/4T Data/buv_render/diagnostics/presettest/crf16.mkv,89273758,89276416,2026-08-31T13:25:10.122678+00:00,3222,16777240,1,"Superseded encoding trial; retain logs, hashes and three source/control clips",deleted
mac-external,PROPOSE_DELETE,render-experiments,/Volumes/4T Data/buv_render/diagnostics/presettest/crfsweep/crf0.mkv,260080209,260083712,2026-08-31T15:12:25.805234+00:00,3338,16777240,1,"Superseded encoding trial; retain logs, hashes and three source/control clips",deleted
mac-external,PROPOSE_DELETE,render-experiments,/Volumes/4T Data/buv_render/diagnostics/presettest/crfsweep/crf0_300.rgb,24883200,24883200,2026-08-31T15:18:50.594679+00:00,3349,16777240,1,"Superseded encoding trial; retain logs, hashes and three source/control clips",deleted
mac-external,PROPOSE_DELETE,render-experiments,/Volumes/4T Data/buv_render/diagnostics/presettest/crfsweep/crf0_480.rgb,24883200,24883200,2026-08-31T15:19:31.816095+00:00,3360,16777240,1,"Superseded encoding trial; retain logs, hashes and three source/control clips",deleted
mac-external,PROPOSE_DELETE,render-experiments,/Volumes/4T Data/buv_render/diagnostics/presettest/crfsweep/crf10.mkv,141001352,141004800,2026-08-31T15:14:36.896707+00:00,3341,16777240,1,"Superseded encoding trial; retain logs, hashes and three source/control clips",deleted
mac-external,PROPOSE_DELETE,render-experiments,/Volumes/4T Data/buv_render/diagnostics/presettest/crfsweep/crf10_300.rgb,24883200,24883200,2026-08-31T15:19:01.474133+00:00,3352,16777240,1,"Superseded encoding trial; retain logs, hashes and three source/control clips",deleted
mac-external,PROPOSE_DELETE,render-experiments,/Volumes/4T Data/buv_render/diagnostics/presettest/crfsweep/crf10_480.rgb,24883200,24883200,2026-08-31T15:19:48.618491+00:00,3363,16777240,1,"Superseded encoding trial; retain logs, hashes and three source/control clips",deleted
mac-external,PROPOSE_DELETE,render-experiments,/Volumes/4T Data/buv_render/diagnostics/presettest/crfsweep/crf14.mkv,104688953,104689664,2026-08-31T15:15:16.696999+00:00,3342,16777240,1,"Superseded encoding trial; retain logs, hashes and three source/control clips",deleted
mac-external,PROPOSE_DELETE,render-experiments,/Volumes/4T Data/buv_render/diagnostics/presettest/crfsweep/crf14_300.rgb,24883200,24883200,2026-08-31T15:19:04.109125+00:00,3353,16777240,1,"Superseded encoding trial; retain logs, hashes and three source/control clips",deleted
mac-external,PROPOSE_DELETE,render-experiments,/Volumes/4T Data/buv_render/diagnostics/presettest/crfsweep/crf14_480.rgb,24883200,24883200,2026-08-31T15:19:52.804910+00:00,3364,16777240,1,"Superseded encoding trial; retain logs, hashes and three source/control clips",deleted
mac-external,PROPOSE_DELETE,render-experiments,/Volumes/4T Data/buv_render/diagnostics/presettest/crfsweep/crf18.mkv,75218442,75218944,2026-08-31T15:15:55.451109+00:00,3343,16777240,1,"Superseded encoding trial; retain logs, hashes and three source/control clips",deleted
mac-external,PROPOSE_DELETE,render-experiments,/Volumes/4T Data/buv_render/diagnostics/presettest/crfsweep/crf18_300.rgb,24883200,24883200,2026-08-31T15:19:06.322033+00:00,3354,16777240,1,"Superseded encoding trial; retain logs, hashes and three source/control clips",deleted
mac-external,PROPOSE_DELETE,render-experiments,/Volumes/4T Data/buv_render/diagnostics/presettest/crfsweep/crf18_480.rgb,24883200,24883200,2026-08-31T15:19:56.180269+00:00,3365,16777240,1,"Superseded encoding trial; retain logs, hashes and three source/control clips",deleted
mac-external,PROPOSE_DELETE,render-experiments,/Volumes/4T Data/buv_render/diagnostics/presettest/crfsweep/crf20.mkv,62656957,62660608,2026-08-31T15:16:33.083154+00:00,3344,16777240,1,"Superseded encoding trial; retain logs, hashes and three source/control clips",deleted
mac-external,PROPOSE_DELETE,render-experiments,/Volumes/4T Data/buv_render/diagnostics/presettest/crfsweep/crf20_300.rgb,24883200,24883200,2026-08-31T15:19:08.266106+00:00,3355,16777240,1,"Superseded encoding trial; retain logs, hashes and three source/control clips",deleted
mac-external,PROPOSE_DELETE,render-experiments,/Volumes/4T Data/buv_render/diagnostics/presettest/crfsweep/crf20_480.rgb,24883200,24883200,2026-08-31T15:19:59.199881+00:00,3366,16777240,1,"Superseded encoding trial; retain logs, hashes and three source/control clips",deleted
mac-external,PROPOSE_DELETE,render-experiments,/Volumes/4T Data/buv_render/diagnostics/presettest/crfsweep/crf22.mkv,51558083,51560448,2026-08-31T15:17:09.523887+00:00,3345,16777240,1,"Superseded encoding trial; retain logs, hashes and three source/control clips",deleted
mac-external,PROPOSE_DELETE,render-experiments,/Volumes/4T Data/buv_render/diagnostics/presettest/crfsweep/crf22_300.rgb,24883200,24883200,2026-08-31T15:19:10.009323+00:00,3356,16777240,1,"Superseded encoding trial; retain logs, hashes and three source/control clips",deleted
mac-external,PROPOSE_DELETE,render-experiments,/Volumes/4T Data/buv_render/diagnostics/presettest/crfsweep/crf22_480.rgb,24883200,24883200,2026-08-31T15:20:01.892569+00:00,3367,16777240,1,"Superseded encoding trial; retain logs, hashes and three source/control clips",deleted
mac-external,PROPOSE_DELETE,render-experiments,/Volumes/4T Data/buv_render/diagnostics/presettest/crfsweep/crf24.mkv,41693510,41697280,2026-08-31T15:17:44.296986+00:00,3346,16777240,1,"Superseded encoding trial; retain logs, hashes and three source/control clips",deleted
mac-external,PROPOSE_DELETE,render-experiments,/Volumes/4T Data/buv_render/diagnostics/presettest/crfsweep/crf24_300.rgb,24883200,24883200,2026-08-31T15:19:11.580986+00:00,3357,16777240,1,"Superseded encoding trial; retain logs, hashes and three source/control clips",deleted
mac-external,PROPOSE_DELETE,render-experiments,/Volumes/4T Data/buv_render/diagnostics/presettest/crfsweep/crf24_480.rgb,24883200,24883200,2026-08-31T15:20:04.332237+00:00,3368,16777240,1,"Superseded encoding trial; retain logs, hashes and three source/control clips",deleted
mac-external,PROPOSE_DELETE,render-experiments,/Volumes/4T Data/buv_render/diagnostics/presettest/crfsweep/crf28.mkv,25851817,25853952,2026-08-31T15:18:15.709383+00:00,3347,16777240,1,"Superseded encoding trial; retain logs, hashes and three source/control clips",deleted
mac-external,PROPOSE_DELETE,render-experiments,/Volumes/4T Data/buv_render/diagnostics/presettest/crfsweep/crf28_300.rgb,24883200,24883200,2026-08-31T15:19:12.786844+00:00,3358,16777240,1,"Superseded encoding trial; retain logs, hashes and three source/control clips",deleted
mac-external,PROPOSE_DELETE,render-experiments,/Volumes/4T Data/buv_render/diagnostics/presettest/crfsweep/crf28_480.rgb,24883200,24883200,2026-08-31T15:20:06.119896+00:00,3369,16777240,1,"Superseded encoding trial; retain logs, hashes and three source/control clips",deleted
mac-external,PROPOSE_DELETE,render-experiments,/Volumes/4T Data/buv_render/diagnostics/presettest/crfsweep/crf4.mkv,206537904,206540800,2026-08-31T15:13:12.806473+00:00,3339,16777240,1,"Superseded encoding trial; retain logs, hashes and three source/control clips",deleted
mac-external,PROPOSE_DELETE,render-experiments,/Volumes/4T Data/buv_render/diagnostics/presettest/crfsweep/crf4_300.rgb,24883200,24883200,2026-08-31T15:18:54.669388+00:00,3350,16777240,1,"Superseded encoding trial; retain logs, hashes and three source/control clips",deleted
mac-external,PROPOSE_DELETE,render-experiments,/Volumes/4T Data/buv_render/diagnostics/presettest/crfsweep/crf4_480.rgb,24883200,24883200,2026-08-31T15:19:38.106251+00:00,3361,16777240,1,"Superseded encoding trial; retain logs, hashes and three source/control clips",deleted
mac-external,PROPOSE_DELETE,render-experiments,/Volumes/4T Data/buv_render/diagnostics/presettest/crfsweep/crf8.mkv,161496649,161497088,2026-08-31T15:13:55.570331+00:00,3340,16777240,1,"Superseded encoding trial; retain logs, hashes and three source/control clips",deleted
mac-external,PROPOSE_DELETE,render-experiments,/Volumes/4T Data/buv_render/diagnostics/presettest/crfsweep/crf8_300.rgb,24883200,24883200,2026-08-31T15:18:58.206223+00:00,3351,16777240,1,"Superseded encoding trial; retain logs, hashes and three source/control clips",deleted
mac-external,PROPOSE_DELETE,render-experiments,/Volumes/4T Data/buv_render/diagnostics/presettest/crfsweep/crf8_480.rgb,24883200,24883200,2026-08-31T15:19:43.649682+00:00,3362,16777240,1,"Superseded encoding trial; retain logs, hashes and three source/control clips",deleted
mac-external,PROPOSE_DELETE,render-experiments,/Volumes/4T Data/buv_render/diagnostics/presettest/crfsweep/ref_300.rgb,24883200,24883200,2026-08-31T15:18:45.981529+00:00,3348,16777240,1,"Superseded encoding trial; retain logs, hashes and three source/control clips",deleted
mac-external,PROPOSE_DELETE,render-experiments,/Volumes/4T Data/buv_render/diagnostics/presettest/crfsweep/ref_480.rgb,24883200,24883200,2026-08-31T15:19:24.708554+00:00,3359,16777240,1,"Superseded encoding trial; retain logs, hashes and three source/control clips",deleted
mac-external,PROPOSE_DELETE,render-experiments,/Volumes/4T Data/buv_render/diagnostics/presettest/dense_gbrp_ref.mkv,365135657,365137920,2026-08-31T13:19:33.185122+00:00,3216,16777240,1,"Superseded encoding trial; retain logs, hashes and three source/control clips",deleted
mac-external,PROPOSE_DELETE,render-experiments,/Volumes/4T Data/buv_render/diagnostics/presettest/dense_src.f300.rgb,24883200,24883200,2026-08-31T13:26:21.210585+00:00,3224,16777240,1,"Superseded encoding trial; retain logs, hashes and three source/control clips",deleted
mac-external,PROPOSE_DELETE,render-experiments,/Volumes/4T Data/buv_render/diagnostics/presettest/dense_src.mkv,6563012068,6563012608,2026-08-31T13:15:15.847927+00:00,3213,16777240,1,"Superseded encoding trial; retain logs, hashes and three source/control clips",deleted
mac-external,PROPOSE_DELETE,render-experiments,/Volumes/4T Data/buv_render/diagnostics/presettest/hw420.f300.rgb,24883200,24883200,2026-08-31T13:48:11.962231+00:00,3249,16777240,1,"Superseded encoding trial; retain logs, hashes and three source/control clips",deleted
mac-external,PROPOSE_DELETE,render-experiments,/Volumes/4T Data/buv_render/diagnostics/presettest/hw420.mkv,96962631,96964608,2026-08-31T13:42:35.492015+00:00,3239,16777240,1,"Superseded encoding trial; retain logs, hashes and three source/control clips",deleted
mac-external,PROPOSE_DELETE,render-experiments,/Volumes/4T Data/buv_render/diagnostics/presettest/hw_ayuv.f300.rgb,24883200,24883200,2026-08-31T13:48:09.962476+00:00,3248,16777240,1,"Superseded encoding trial; retain logs, hashes and three source/control clips",deleted
mac-external,PROPOSE_DELETE,render-experiments,/Volumes/4T Data/buv_render/diagnostics/presettest/hw_ayuv.mkv,107510956,107511808,2026-08-31T13:47:51.791442+00:00,3245,16777240,1,"Superseded encoding trial; retain logs, hashes and three source/control clips",deleted
mac-external,PROPOSE_DELETE,render-experiments,/Volumes/4T Data/buv_render/diagnostics/presettest/hw_ayuv_q80.f300.rgb,24883200,24883200,2026-08-31T13:48:50.435206+00:00,3251,16777240,1,"Superseded encoding trial; retain logs, hashes and three source/control clips",deleted
mac-external,PROPOSE_DELETE,render-experiments,/Volumes/4T Data/buv_render/diagnostics/presettest/hw_ayuv_q80.mkv,219618729,219619328,2026-08-31T13:48:47.290839+00:00,3250,16777240,1,"Superseded encoding trial; retain logs, hashes and three source/control clips",deleted
mac-external,PROPOSE_DELETE,render-experiments,/Volumes/4T Data/buv_render/diagnostics/presettest/hw_ayuv_q95.f300.rgb,24883200,24883200,2026-08-31T13:49:07.865994+00:00,3253,16777240,1,"Superseded encoding trial; retain logs, hashes and three source/control clips",deleted
mac-external,PROPOSE_DELETE,render-experiments,/Volumes/4T Data/buv_render/diagnostics/presettest/hw_ayuv_q95.mkv,427349588,427352064,2026-08-31T13:49:03.372874+00:00,3252,16777240,1,"Superseded encoding trial; retain logs, hashes and three source/control clips",deleted
mac-external,PROPOSE_DELETE,render-experiments,/Volumes/4T Data/buv_render/diagnostics/presettest/hw_bgra.f300.rgb,24883200,24883200,2026-08-31T13:48:07.816020+00:00,3247,16777240,1,"Superseded encoding trial; retain logs, hashes and three source/control clips",deleted
mac-external,PROPOSE_DELETE,render-experiments,/Volumes/4T Data/buv_render/diagnostics/presettest/hw_bgra.mkv,110033121,110034944,2026-08-31T13:47:39.245453+00:00,3243,16777240,1,"Superseded encoding trial; retain logs, hashes and three source/control clips",deleted
mac-external,PROPOSE_DELETE,render-experiments,/Volumes/4T Data/buv_render/diagnostics/presettest/hw_p210.f300.rgb,24883200,24883200,2026-08-31T13:48:05.530799+00:00,3246,16777240,1,"Superseded encoding trial; retain logs, hashes and three source/control clips",deleted
mac-external,PROPOSE_DELETE,render-experiments,/Volumes/4T Data/buv_render/diagnostics/presettest/hw_p210.mkv,187689837,187691008,2026-08-31T13:47:28.724941+00:00,3241,16777240,1,"Superseded encoding trial; retain logs, hashes and three source/control clips",deleted
mac-external,PROPOSE_DELETE,render-experiments,/Volumes/4T Data/buv_render/diagnostics/presettest/hwcrf_40.mkv,14848803,14852096,2026-08-31T14:05:54.047348+00:00,3288,16777240,1,"Superseded encoding trial; retain logs, hashes and three source/control clips",deleted
mac-external,PROPOSE_DELETE,render-experiments,/Volumes/4T Data/buv_render/diagnostics/presettest/hwcrf_5.mkv,14848803,14852096,2026-08-31T14:05:50.961327+00:00,3287,16777240,1,"Superseded encoding trial; retain logs, hashes and three source/control clips",deleted
mac-external,PROPOSE_DELETE,render-experiments,/Volumes/4T Data/buv_render/diagnostics/presettest/hwcrf_test.mkv,2055584,2056192,2026-08-31T14:05:39.206103+00:00,3286,16777240,1,"Superseded encoding trial; retain logs, hashes and three source/control clips",deleted
mac-external,PROPOSE_DELETE,render-experiments,/Volumes/4T Data/buv_render/diagnostics/presettest/hwq/crf12.rgb,24883200,24883200,2026-08-31T14:06:48.387222+00:00,3300,16777240,1,"Superseded encoding trial; retain logs, hashes and three source/control clips",deleted
mac-external,PROPOSE_DELETE,render-experiments,/Volumes/4T Data/buv_render/diagnostics/presettest/hwq/crf16.rgb,24883200,24883200,2026-08-31T14:06:45.552673+00:00,3298,16777240,1,"Superseded encoding trial; retain logs, hashes and three source/control clips",deleted
mac-external,PROPOSE_DELETE,render-experiments,/Volumes/4T Data/buv_render/diagnostics/presettest/hwq/hw_q50.mp4,46842048,46845952,2026-08-31T14:04:08.077589+00:00,3278,16777240,1,"Superseded encoding trial; retain logs, hashes and three source/control clips",deleted
mac-external,PROPOSE_DELETE,render-experiments,/Volumes/4T Data/buv_render/diagnostics/presettest/hwq/hw_q50.rgb,24883200,24883200,2026-08-31T16:14:58.587496+00:00,3293,16777240,1,"Superseded encoding trial; retain logs, hashes and three source/control clips",deleted
mac-external,PROPOSE_DELETE,render-experiments,/Volumes/4T Data/buv_render/diagnostics/presettest/hwq/hw_q55.mp4,75489540,75493376,2026-08-31T14:04:18.785675+00:00,3279,16777240,1,"Superseded encoding trial; retain logs, hashes and three source/control clips",deleted
mac-external,PROPOSE_DELETE,render-experiments,/Volumes/4T Data/buv_render/diagnostics/presettest/hwq/hw_q55.rgb,24883200,24883200,2026-08-31T16:15:00.137197+00:00,3411,16777240,1,"Superseded encoding trial; retain logs, hashes and three source/control clips",deleted
mac-external,PROPOSE_DELETE,render-experiments,/Volumes/4T Data/buv_render/diagnostics/presettest/hwq/hw_q60.mp4,94607123,94609408,2026-08-31T14:04:29.993428+00:00,3280,16777240,1,"Superseded encoding trial; retain logs, hashes and three source/control clips",deleted
mac-external,PROPOSE_DELETE,render-experiments,/Volumes/4T Data/buv_render/diagnostics/presettest/hwq/hw_q60.rgb,24883200,24883200,2026-08-31T16:15:02.044401+00:00,3294,16777240,1,"Superseded encoding trial; retain logs, hashes and three source/control clips",deleted
mac-external,PROPOSE_DELETE,render-experiments,/Volumes/4T Data/buv_render/diagnostics/presettest/hwq/hw_q65.mp4,114780150,114782208,2026-08-31T14:04:41.621497+00:00,3281,16777240,1,"Superseded encoding trial; retain logs, hashes and three source/control clips",deleted
mac-external,PROPOSE_DELETE,render-experiments,/Volumes/4T Data/buv_render/diagnostics/presettest/hwq/hw_q65.rgb,24883200,24883200,2026-08-31T16:15:04.246258+00:00,3412,16777240,1,"Superseded encoding trial; retain logs, hashes and three source/control clips",deleted
mac-external,PROPOSE_DELETE,render-experiments,/Volumes/4T Data/buv_render/diagnostics/presettest/hwq/hw_q70.mp4,145628260,145629184,2026-08-31T14:04:53.378147+00:00,3282,16777240,1,"Superseded encoding trial; retain logs, hashes and three source/control clips",deleted
mac-external,PROPOSE_DELETE,render-experiments,/Volumes/4T Data/buv_render/diagnostics/presettest/hwq/hw_q70.rgb,24883200,24883200,2026-08-31T16:15:06.824573+00:00,3295,16777240,1,"Superseded encoding trial; retain logs, hashes and three source/control clips",deleted
mac-external,PROPOSE_DELETE,render-experiments,/Volumes/4T Data/buv_render/diagnostics/presettest/hwq/hw_q75.mp4,167293722,167297024,2026-08-31T14:05:05.022674+00:00,3283,16777240,1,"Superseded encoding trial; retain logs, hashes and three source/control clips",deleted
mac-external,PROPOSE_DELETE,render-experiments,/Volumes/4T Data/buv_render/diagnostics/presettest/hwq/hw_q75.rgb,24883200,24883200,2026-08-31T16:15:09.585444+00:00,3413,16777240,1,"Superseded encoding trial; retain logs, hashes and three source/control clips",deleted
mac-external,PROPOSE_DELETE,render-experiments,/Volumes/4T Data/buv_render/diagnostics/presettest/hwq/hw_q80.mp4,203801927,203804672,2026-08-31T14:05:16.641753+00:00,3284,16777240,1,"Superseded encoding trial; retain logs, hashes and three source/control clips",deleted
mac-external,PROPOSE_DELETE,render-experiments,/Volumes/4T Data/buv_render/diagnostics/presettest/hwq/hw_q80.rgb,24883200,24883200,2026-08-31T16:15:12.679906+00:00,3296,16777240,1,"Superseded encoding trial; retain logs, hashes and three source/control clips",deleted
mac-external,PROPOSE_DELETE,render-experiments,/Volumes/4T Data/buv_render/diagnostics/presettest/hwq/hw_q85.mp4,240562937,240566272,2026-08-31T14:05:28.082297+00:00,3285,16777240,1,"Superseded encoding trial; retain logs, hashes and three source/control clips",deleted
mac-external,PROPOSE_DELETE,render-experiments,/Volumes/4T Data/buv_render/diagnostics/presettest/hwq/hw_q85.rgb,24883200,24883200,2026-08-31T16:15:16.088106+00:00,3297,16777240,1,"Superseded encoding trial; retain logs, hashes and three source/control clips",deleted
mac-external,PROPOSE_DELETE,render-experiments,/Volumes/4T Data/buv_render/diagnostics/presettest/hwq/p_medium.rgb,24883200,24883200,2026-08-31T14:06:52.705512+00:00,3301,16777240,1,"Superseded encoding trial; retain logs, hashes and three source/control clips",deleted
mac-external,PROPOSE_DELETE,render-experiments,/Volumes/4T Data/buv_render/diagnostics/presettest/hwq/ref.rgb,24883200,24883200,2026-08-31T14:06:23.042344+00:00,3292,16777240,1,"Superseded encoding trial; retain logs, hashes and three source/control clips",deleted
mac-external,PROPOSE_DELETE,render-experiments,/Volumes/4T Data/buv_render/diagnostics/presettest/hwq55_72_multiframe/q55.rgb,199065600,199065600,2026-08-31T20:48:46.525958+00:00,3521,16777240,1,"Superseded encoding trial; retain logs, hashes and three source/control clips",deleted
mac-external,PROPOSE_DELETE,render-experiments,/Volumes/4T Data/buv_render/diagnostics/presettest/hwq55_72_multiframe/q57.rgb,199065600,199065600,2026-08-31T20:48:49.720462+00:00,3522,16777240,1,"Superseded encoding trial; retain logs, hashes and three source/control clips",deleted
mac-external,PROPOSE_DELETE,render-experiments,/Volumes/4T Data/buv_render/diagnostics/presettest/hwq55_72_multiframe/q60.rgb,199065600,199065600,2026-08-31T20:48:53.318079+00:00,3523,16777240,1,"Superseded encoding trial; retain logs, hashes and three source/control clips",deleted
mac-external,PROPOSE_DELETE,render-experiments,/Volumes/4T Data/buv_render/diagnostics/presettest/hwq55_72_multiframe/q62.rgb,199065600,199065600,2026-08-31T20:48:57.247902+00:00,3524,16777240,1,"Superseded encoding trial; retain logs, hashes and three source/control clips",deleted
mac-external,PROPOSE_DELETE,render-experiments,/Volumes/4T Data/buv_render/diagnostics/presettest/hwq55_72_multiframe/q64.rgb,199065600,199065600,2026-08-31T20:49:01.542151+00:00,3525,16777240,1,"Superseded encoding trial; retain logs, hashes and three source/control clips",deleted
mac-external,PROPOSE_DELETE,render-experiments,/Volumes/4T Data/buv_render/diagnostics/presettest/hwq55_72_multiframe/q66.rgb,199065600,199065600,2026-08-31T20:49:06.044104+00:00,3526,16777240,1,"Superseded encoding trial; retain logs, hashes and three source/control clips",deleted
mac-external,PROPOSE_DELETE,render-experiments,/Volumes/4T Data/buv_render/diagnostics/presettest/hwq55_72_multiframe/q68.rgb,199065600,199065600,2026-08-31T20:49:10.687027+00:00,3527,16777240,1,"Superseded encoding trial; retain logs, hashes and three source/control clips",deleted
mac-external,PROPOSE_DELETE,render-experiments,/Volumes/4T Data/buv_render/diagnostics/presettest/hwq55_72_multiframe/q70.rgb,199065600,199065600,2026-08-31T20:49:15.532804+00:00,3528,16777240,1,"Superseded encoding trial; retain logs, hashes and three source/control clips",deleted
mac-external,PROPOSE_DELETE,render-experiments,/Volumes/4T Data/buv_render/diagnostics/presettest/hwq55_72_multiframe/q72.rgb,199065600,199065600,2026-08-31T20:49:20.524070+00:00,3529,16777240,1,"Superseded encoding trial; retain logs, hashes and three source/control clips",deleted
mac-external,PROPOSE_DELETE,render-experiments,/Volumes/4T Data/buv_render/diagnostics/presettest/hwq55_72_production/hw_q55.mp4,75489540,75493376,2026-08-31T20:45:00.744300+00:00,3502,16777240,1,"Superseded encoding trial; retain logs, hashes and three source/control clips",deleted
mac-external,PROPOSE_DELETE,render-experiments,/Volumes/4T Data/buv_render/diagnostics/presettest/hwq55_72_production/hw_q56.mp4,75489540,75493376,2026-08-31T20:45:11.309703+00:00,3503,16777240,1,"Superseded encoding trial; retain logs, hashes and three source/control clips",deleted
mac-external,PROPOSE_DELETE,render-experiments,/Volumes/4T Data/buv_render/diagnostics/presettest/hwq55_72_production/hw_q57.mp4,84135648,84135936,2026-08-31T20:45:22.361788+00:00,3504,16777240,1,"Superseded encoding trial; retain logs, hashes and three source/control clips",deleted
mac-external,PROPOSE_DELETE,render-experiments,/Volumes/4T Data/buv_render/diagnostics/presettest/hwq55_72_production/hw_q58.mp4,84135648,84135936,2026-08-31T20:45:33.560921+00:00,3505,16777240,1,"Superseded encoding trial; retain logs, hashes and three source/control clips",deleted
mac-external,PROPOSE_DELETE,render-experiments,/Volumes/4T Data/buv_render/diagnostics/presettest/hwq55_72_production/hw_q59.mp4,84135648,84135936,2026-08-31T20:45:45.677190+00:00,3506,16777240,1,"Superseded encoding trial; retain logs, hashes and three source/control clips",deleted
mac-external,PROPOSE_DELETE,render-experiments,/Volumes/4T Data/buv_render/diagnostics/presettest/hwq55_72_production/hw_q60.mp4,94607123,94609408,2026-08-31T20:45:57.293807+00:00,3507,16777240,1,"Superseded encoding trial; retain logs, hashes and three source/control clips",deleted
mac-external,PROPOSE_DELETE,render-experiments,/Volumes/4T Data/buv_render/diagnostics/presettest/hwq55_72_production/hw_q61.mp4,94607123,94609408,2026-08-31T20:46:09.182259+00:00,3508,16777240,1,"Superseded encoding trial; retain logs, hashes and three source/control clips",deleted
mac-external,PROPOSE_DELETE,render-experiments,/Volumes/4T Data/buv_render/diagnostics/presettest/hwq55_72_production/hw_q62.mp4,104894191,104894464,2026-08-31T20:46:20.908610+00:00,3509,16777240,1,"Superseded encoding trial; retain logs, hashes and three source/control clips",deleted
mac-external,PROPOSE_DELETE,render-experiments,/Volumes/4T Data/buv_render/diagnostics/presettest/hwq55_72_production/hw_q63.mp4,104894191,104894464,2026-08-31T20:46:32.514569+00:00,3510,16777240,1,"Superseded encoding trial; retain logs, hashes and three source/control clips",deleted
mac-external,PROPOSE_DELETE,render-experiments,/Volumes/4T Data/buv_render/diagnostics/presettest/hwq55_72_production/hw_q64.mp4,114780150,114782208,2026-08-31T20:46:43.732059+00:00,3511,16777240,1,"Superseded encoding trial; retain logs, hashes and three source/control clips",deleted
mac-external,PROPOSE_DELETE,render-experiments,/Volumes/4T Data/buv_render/diagnostics/presettest/hwq55_72_production/hw_q65.mp4,114780150,114782208,2026-08-31T20:46:55.300933+00:00,3512,16777240,1,"Superseded encoding trial; retain logs, hashes and three source/control clips",deleted
mac-external,PROPOSE_DELETE,render-experiments,/Volumes/4T Data/buv_render/diagnostics/presettest/hwq55_72_production/hw_q66.mp4,125680227,125681664,2026-08-31T20:47:07.044432+00:00,3513,16777240,1,"Superseded encoding trial; retain logs, hashes and three source/control clips",deleted
mac-external,PROPOSE_DELETE,render-experiments,/Volumes/4T Data/buv_render/diagnostics/presettest/hwq55_72_production/hw_q67.mp4,125680227,125681664,2026-08-31T20:47:19.020068+00:00,3514,16777240,1,"Superseded encoding trial; retain logs, hashes and three source/control clips",deleted
mac-external,PROPOSE_DELETE,render-experiments,/Volumes/4T Data/buv_render/diagnostics/presettest/hwq55_72_production/hw_q68.mp4,135724158,135725056,2026-08-31T20:47:31.260867+00:00,3515,16777240,1,"Superseded encoding trial; retain logs, hashes and three source/control clips",deleted
mac-external,PROPOSE_DELETE,render-experiments,/Volumes/4T Data/buv_render/diagnostics/presettest/hwq55_72_production/hw_q69.mp4,135724158,135725056,2026-08-31T20:47:42.942260+00:00,3516,16777240,1,"Superseded encoding trial; retain logs, hashes and three source/control clips",deleted
mac-external,PROPOSE_DELETE,render-experiments,/Volumes/4T Data/buv_render/diagnostics/presettest/hwq55_72_production/hw_q70.mp4,145628260,145629184,2026-08-31T20:47:54.863648+00:00,3517,16777240,1,"Superseded encoding trial; retain logs, hashes and three source/control clips",deleted
mac-external,PROPOSE_DELETE,render-experiments,/Volumes/4T Data/buv_render/diagnostics/presettest/hwq55_72_production/hw_q71.mp4,145628260,145629184,2026-08-31T20:48:06.306415+00:00,3518,16777240,1,"Superseded encoding trial; retain logs, hashes and three source/control clips",deleted
mac-external,PROPOSE_DELETE,render-experiments,/Volumes/4T Data/buv_render/diagnostics/presettest/hwq55_72_production/hw_q72.mp4,156183850,156184576,2026-08-31T20:48:17.360949+00:00,3519,16777240,1,"Superseded encoding trial; retain logs, hashes and three source/control clips",deleted
mac-external,PROPOSE_DELETE,render-experiments,/Volumes/4T Data/buv_render/diagnostics/presettest/hwq80_420.f300.rgb,24883200,24883200,2026-08-31T13:49:41.108675+00:00,3255,16777240,1,"Superseded encoding trial; retain logs, hashes and three source/control clips",deleted
mac-external,PROPOSE_DELETE,render-experiments,/Volumes/4T Data/buv_render/diagnostics/presettest/hwq80_420.mkv,203804152,203804672,2026-08-31T13:49:38.145216+00:00,3254,16777240,1,"Superseded encoding trial; retain logs, hashes and three source/control clips",deleted
mac-external,PROPOSE_DELETE,render-experiments,/Volumes/4T Data/buv_render/diagnostics/presettest/hwq80_p210.f300.rgb,24883200,24883200,2026-08-31T13:50:06.576734+00:00,3257,16777240,1,"Superseded encoding trial; retain logs, hashes and three source/control clips",deleted
mac-external,PROPOSE_DELETE,render-experiments,/Volumes/4T Data/buv_render/diagnostics/presettest/hwq80_p210.mkv,395974327,395976704,2026-08-31T13:50:01.368795+00:00,3256,16777240,1,"Superseded encoding trial; retain logs, hashes and three source/control clips",deleted
mac-external,PROPOSE_DELETE,render-experiments,/Volumes/4T Data/buv_render/diagnostics/presettest/hwq_30.mkv,2984703,2985984,2026-08-31T14:05:56.671382+00:00,3289,16777240,1,"Superseded encoding trial; retain logs, hashes and three source/control clips",deleted
mac-external,PROPOSE_DELETE,render-experiments,/Volumes/4T Data/buv_render/diagnostics/presettest/hwq_80.mkv,40887767,40890368,2026-08-31T14:05:59.693310+00:00,3290,16777240,1,"Superseded encoding trial; retain logs, hashes and three source/control clips",deleted
mac-external,PROPOSE_DELETE,render-experiments,/Volumes/4T Data/buv_render/diagnostics/presettest/hwq_multiframe/q50.rgb,199065600,199065600,2026-08-31T16:30:46.769460+00:00,3457,16777240,1,"Superseded encoding trial; retain logs, hashes and three source/control clips",deleted
mac-external,PROPOSE_DELETE,render-experiments,/Volumes/4T Data/buv_render/diagnostics/presettest/hwq_multiframe/q70.rgb,199065600,199065600,2026-08-31T16:27:29.190631+00:00,3451,16777240,1,"Superseded encoding trial; retain logs, hashes and three source/control clips",deleted
mac-external,PROPOSE_DELETE,render-experiments,/Volumes/4T Data/buv_render/diagnostics/presettest/hwq_multiframe/q72.rgb,199065600,199065600,2026-08-31T16:27:34.005492+00:00,3452,16777240,1,"Superseded encoding trial; retain logs, hashes and three source/control clips",deleted
mac-external,PROPOSE_DELETE,render-experiments,/Volumes/4T Data/buv_render/diagnostics/presettest/hwq_multiframe/q74.rgb,199065600,199065600,2026-08-31T16:27:39.031345+00:00,3453,16777240,1,"Superseded encoding trial; retain logs, hashes and three source/control clips",deleted
mac-external,PROPOSE_DELETE,render-experiments,/Volumes/4T Data/buv_render/diagnostics/presettest/hwq_multiframe/q76.rgb,199065600,199065600,2026-08-31T16:27:44.240077+00:00,3454,16777240,1,"Superseded encoding trial; retain logs, hashes and three source/control clips",deleted
mac-external,PROPOSE_DELETE,render-experiments,/Volumes/4T Data/buv_render/diagnostics/presettest/hwq_multiframe/q78.rgb,199065600,199065600,2026-08-31T16:27:49.646465+00:00,3455,16777240,1,"Superseded encoding trial; retain logs, hashes and three source/control clips",deleted
mac-external,PROPOSE_DELETE,render-experiments,/Volumes/4T Data/buv_render/diagnostics/presettest/hwq_multiframe/q79.rgb,199065600,199065600,2026-08-31T16:27:55.254052+00:00,3456,16777240,1,"Superseded encoding trial; retain logs, hashes and three source/control clips",deleted
mac-external,PROPOSE_DELETE,render-experiments,/Volumes/4T Data/buv_render/diagnostics/presettest/hwq_multiframe/ref.rgb,199065600,199065600,2026-08-31T16:27:24.504100+00:00,3450,16777240,1,"Superseded encoding trial; retain logs, hashes and three source/control clips",deleted
mac-external,PROPOSE_DELETE,render-experiments,/Volumes/4T Data/buv_render/diagnostics/presettest/hwqfine/hw_q71.mp4,147166389,147169280,2026-08-31T16:16:59.647588+00:00,3415,16777240,1,"Superseded encoding trial; retain logs, hashes and three source/control clips",deleted
mac-external,PROPOSE_DELETE,render-experiments,/Volumes/4T Data/buv_render/diagnostics/presettest/hwqfine/hw_q71.rgb,24883200,24883200,2026-08-31T16:18:36.638513+00:00,3423,16777240,1,"Superseded encoding trial; retain logs, hashes and three source/control clips",deleted
mac-external,PROPOSE_DELETE,render-experiments,/Volumes/4T Data/buv_render/diagnostics/presettest/hwqfine/hw_q72.mp4,157620002,157622272,2026-08-31T16:17:10.693069+00:00,3416,16777240,1,"Superseded encoding trial; retain logs, hashes and three source/control clips",deleted
mac-external,PROPOSE_DELETE,render-experiments,/Volumes/4T Data/buv_render/diagnostics/presettest/hwqfine/hw_q72.rgb,24883200,24883200,2026-08-31T16:18:39.389730+00:00,3424,16777240,1,"Superseded encoding trial; retain logs, hashes and three source/control clips",deleted
mac-external,PROPOSE_DELETE,render-experiments,/Volumes/4T Data/buv_render/diagnostics/presettest/hwqfine/hw_q73.mp4,157620002,157622272,2026-08-31T16:17:22.197981+00:00,3417,16777240,1,"Superseded encoding trial; retain logs, hashes and three source/control clips",deleted
mac-external,PROPOSE_DELETE,render-experiments,/Volumes/4T Data/buv_render/diagnostics/presettest/hwqfine/hw_q73.rgb,24883200,24883200,2026-08-31T16:18:42.114170+00:00,3425,16777240,1,"Superseded encoding trial; retain logs, hashes and three source/control clips",deleted
mac-external,PROPOSE_DELETE,render-experiments,/Volumes/4T Data/buv_render/diagnostics/presettest/hwqfine/hw_q74.mp4,168754167,168755200,2026-08-31T16:17:34.102670+00:00,3418,16777240,1,"Superseded encoding trial; retain logs, hashes and three source/control clips",deleted
mac-external,PROPOSE_DELETE,render-experiments,/Volumes/4T Data/buv_render/diagnostics/presettest/hwqfine/hw_q74.rgb,24883200,24883200,2026-08-31T16:18:44.981876+00:00,3426,16777240,1,"Superseded encoding trial; retain logs, hashes and three source/control clips",deleted
mac-external,PROPOSE_DELETE,render-experiments,/Volumes/4T Data/buv_render/diagnostics/presettest/hwqfine/hw_q76.mp4,179674176,179675136,2026-08-31T16:17:46.056772+00:00,3419,16777240,1,"Superseded encoding trial; retain logs, hashes and three source/control clips",deleted
mac-external,PROPOSE_DELETE,render-experiments,/Volumes/4T Data/buv_render/diagnostics/presettest/hwqfine/hw_q76.rgb,24883200,24883200,2026-08-31T16:18:47.901697+00:00,3427,16777240,1,"Superseded encoding trial; retain logs, hashes and three source/control clips",deleted
mac-external,PROPOSE_DELETE,render-experiments,/Volumes/4T Data/buv_render/diagnostics/presettest/hwqfine/hw_q77.mp4,179674176,179675136,2026-08-31T16:17:58.098766+00:00,3420,16777240,1,"Superseded encoding trial; retain logs, hashes and three source/control clips",deleted
mac-external,PROPOSE_DELETE,render-experiments,/Volumes/4T Data/buv_render/diagnostics/presettest/hwqfine/hw_q77.rgb,24883200,24883200,2026-08-31T16:18:50.826670+00:00,3428,16777240,1,"Superseded encoding trial; retain logs, hashes and three source/control clips",deleted
mac-external,PROPOSE_DELETE,render-experiments,/Volumes/4T Data/buv_render/diagnostics/presettest/hwqfine/hw_q78.mp4,192511974,192512000,2026-08-31T16:18:10.225739+00:00,3421,16777240,1,"Superseded encoding trial; retain logs, hashes and three source/control clips",deleted
mac-external,PROPOSE_DELETE,render-experiments,/Volumes/4T Data/buv_render/diagnostics/presettest/hwqfine/hw_q78.rgb,24883200,24883200,2026-08-31T16:18:53.849298+00:00,3429,16777240,1,"Superseded encoding trial; retain logs, hashes and three source/control clips",deleted
mac-external,PROPOSE_DELETE,render-experiments,/Volumes/4T Data/buv_render/diagnostics/presettest/hwqfine/hw_q79.mp4,205017257,205021184,2026-08-31T16:18:22.197872+00:00,3422,16777240,1,"Superseded encoding trial; retain logs, hashes and three source/control clips",deleted
mac-external,PROPOSE_DELETE,render-experiments,/Volumes/4T Data/buv_render/diagnostics/presettest/hwqfine/hw_q79.rgb,24883200,24883200,2026-08-31T16:18:56.984869+00:00,3430,16777240,1,"Superseded encoding trial; retain logs, hashes and three source/control clips",deleted
mac-external,PROPOSE_DELETE,render-experiments,/Volumes/4T Data/buv_render/diagnostics/presettest/hwqfine_production/hw_q71.mp4,145628260,145629184,2026-08-31T16:25:16.857739+00:00,3441,16777240,1,"Superseded encoding trial; retain logs, hashes and three source/control clips",deleted
mac-external,PROPOSE_DELETE,render-experiments,/Volumes/4T Data/buv_render/diagnostics/presettest/hwqfine_production/hw_q72.mp4,156183850,156184576,2026-08-31T16:25:27.033107+00:00,3442,16777240,1,"Superseded encoding trial; retain logs, hashes and three source/control clips",deleted
mac-external,PROPOSE_DELETE,render-experiments,/Volumes/4T Data/buv_render/diagnostics/presettest/hwqfine_production/hw_q73.mp4,156183850,156184576,2026-08-31T16:25:37.730141+00:00,3443,16777240,1,"Superseded encoding trial; retain logs, hashes and three source/control clips",deleted
mac-external,PROPOSE_DELETE,render-experiments,/Volumes/4T Data/buv_render/diagnostics/presettest/hwqfine_production/hw_q74.mp4,167293722,167297024,2026-08-31T16:25:48.567922+00:00,3444,16777240,1,"Superseded encoding trial; retain logs, hashes and three source/control clips",deleted
mac-external,PROPOSE_DELETE,render-experiments,/Volumes/4T Data/buv_render/diagnostics/presettest/hwqfine_production/hw_q76.mp4,178296366,178298880,2026-08-31T16:25:59.687477+00:00,3445,16777240,1,"Superseded encoding trial; retain logs, hashes and three source/control clips",deleted
mac-external,PROPOSE_DELETE,render-experiments,/Volumes/4T Data/buv_render/diagnostics/presettest/hwqfine_production/hw_q77.mp4,178296366,178298880,2026-08-31T16:26:10.887716+00:00,3446,16777240,1,"Superseded encoding trial; retain logs, hashes and three source/control clips",deleted
mac-external,PROPOSE_DELETE,render-experiments,/Volumes/4T Data/buv_render/diagnostics/presettest/hwqfine_production/hw_q78.mp4,191215285,191217664,2026-08-31T16:26:22.428379+00:00,3447,16777240,1,"Superseded encoding trial; retain logs, hashes and three source/control clips",deleted
mac-external,PROPOSE_DELETE,render-experiments,/Volumes/4T Data/buv_render/diagnostics/presettest/hwqfine_production/hw_q79.mp4,203801927,203804672,2026-08-31T16:26:33.726968+00:00,3448,16777240,1,"Superseded encoding trial; retain logs, hashes and three source/control clips",deleted
mac-external,PROPOSE_DELETE,render-experiments,/Volumes/4T Data/buv_render/diagnostics/presettest/hwqrepeat/hw_q75_r1.mp4,168754167,168755200,2026-08-31T16:21:03.926511+00:00,3432,16777240,1,"Superseded encoding trial; retain logs, hashes and three source/control clips",deleted
mac-external,PROPOSE_DELETE,render-experiments,/Volumes/4T Data/buv_render/diagnostics/presettest/hwqrepeat/hw_q75_r1.rgb,24883200,24883200,2026-08-31T16:21:52.413719+00:00,3436,16777240,1,"Superseded encoding trial; retain logs, hashes and three source/control clips",deleted
mac-external,PROPOSE_DELETE,render-experiments,/Volumes/4T Data/buv_render/diagnostics/presettest/hwqrepeat/hw_q75_r2.mp4,168754167,168755200,2026-08-31T16:21:14.963369+00:00,3433,16777240,1,"Superseded encoding trial; retain logs, hashes and three source/control clips",deleted
mac-external,PROPOSE_DELETE,render-experiments,/Volumes/4T Data/buv_render/diagnostics/presettest/hwqrepeat/hw_q75_r2.rgb,24883200,24883200,2026-08-31T16:21:55.237053+00:00,3437,16777240,1,"Superseded encoding trial; retain logs, hashes and three source/control clips",deleted
mac-external,PROPOSE_DELETE,render-experiments,/Volumes/4T Data/buv_render/diagnostics/presettest/hwqrepeat/hw_q80_r1.mp4,205017257,205021184,2026-08-31T16:21:26.113113+00:00,3434,16777240,1,"Superseded encoding trial; retain logs, hashes and three source/control clips",deleted
mac-external,PROPOSE_DELETE,render-experiments,/Volumes/4T Data/buv_render/diagnostics/presettest/hwqrepeat/hw_q80_r1.rgb,24883200,24883200,2026-08-31T16:21:58.360927+00:00,3438,16777240,1,"Superseded encoding trial; retain logs, hashes and three source/control clips",deleted
mac-external,PROPOSE_DELETE,render-experiments,/Volumes/4T Data/buv_render/diagnostics/presettest/hwqrepeat/hw_q80_r2.mp4,205017257,205021184,2026-08-31T16:21:37.603256+00:00,3435,16777240,1,"Superseded encoding trial; retain logs, hashes and three source/control clips",deleted
mac-external,PROPOSE_DELETE,render-experiments,/Volumes/4T Data/buv_render/diagnostics/presettest/hwqrepeat/hw_q80_r2.rgb,24883200,24883200,2026-08-31T16:22:01.506277+00:00,3439,16777240,1,"Superseded encoding trial; retain logs, hashes and three source/control clips",deleted
mac-external,PROPOSE_DELETE,render-experiments,/Volumes/4T Data/buv_render/diagnostics/presettest/p10_medium.mkv,424302946,424304640,2026-08-31T13:24:24.306725+00:00,3221,16777240,1,"Superseded encoding trial; retain logs, hashes and three source/control clips",deleted
mac-external,PROPOSE_DELETE,render-experiments,/Volumes/4T Data/buv_render/diagnostics/presettest/p_fast.mkv,299420848,299421696,2026-08-31T13:20:23.147483+00:00,3218,16777240,1,"Superseded encoding trial; retain logs, hashes and three source/control clips",deleted
mac-external,PROPOSE_DELETE,render-experiments,/Volumes/4T Data/buv_render/diagnostics/presettest/p_medium.f300.rgb,24883200,24883200,2026-08-31T13:26:29.999607+00:00,3226,16777240,1,"Superseded encoding trial; retain logs, hashes and three source/control clips",deleted
mac-external,PROPOSE_DELETE,render-experiments,/Volumes/4T Data/buv_render/diagnostics/presettest/p_medium.mkv,278360839,278364160,2026-08-31T13:21:26.803721+00:00,3219,16777240,1,"Superseded encoding trial; retain logs, hashes and three source/control clips",deleted
mac-external,PROPOSE_DELETE,render-experiments,/Volumes/4T Data/buv_render/diagnostics/presettest/p_slow.mkv,273051071,273051648,2026-08-31T13:22:49.382796+00:00,3220,16777240,1,"Superseded encoding trial; retain logs, hashes and three source/control clips",deleted
mac-external,PROPOSE_DELETE,render-experiments,/Volumes/4T Data/buv_render/diagnostics/presettest/probe.f300.rgb,24883200,24883200,2026-08-31T13:26:25.550127+00:00,3225,16777240,1,"Superseded encoding trial; retain logs, hashes and three source/control clips",deleted
mac-external,PROPOSE_DELETE,render-experiments,/Volumes/4T Data/buv_render/diagnostics/presettest/probe.mkv,284165410,284168192,2026-08-31T13:19:17.375661+00:00,3215,16777240,1,"Superseded encoding trial; retain logs, hashes and three source/control clips",deleted
mac-external,PROPOSE_DELETE,render-experiments,/Volumes/4T Data/buv_render/diagnostics/presettest/sw420_crf16.f300.rgb,24883200,24883200,2026-08-31T14:06:44.910676+00:00,3299,16777240,1,"Superseded encoding trial; retain logs, hashes and three source/control clips",deleted
mac-external,PROPOSE_DELETE,render-experiments,/Volumes/4T Data/buv_render/diagnostics/presettest/sw420_crf16.mkv,65756665,65757184,2026-08-31T14:06:43.358581+00:00,3291,16777240,1,"Superseded encoding trial; retain logs, hashes and three source/control clips",deleted
mac-external,PROPOSE_DELETE,render-experiments,/Volumes/4T Data/buv_render/diagnostics/source_lossless_blocks500000_500299_x265_gbrp.mkv,136555892,136556544,2026-08-30T23:40:44.600510+00:00,3044,16777240,1,"Superseded encoding trial; retain logs, hashes and three source/control clips",deleted
mac-external,PROPOSE_DELETE,render-experiments,/Volumes/4T Data/buv_render/diagnostics/source_lossless_blocks500000_500299_x265_gbrp_faster.mkv,137424223,137424896,2026-08-30T23:54:52.372318+00:00,3064,16777240,1,"Superseded encoding trial; retain logs, hashes and three source/control clips",deleted
mac-external,PROPOSE_DELETE,render-experiments,/Volumes/4T Data/buv_render/diagnostics/source_lossless_blocks500000_500299_x265_gbrp_superfast.mkv,126889845,126889984,2026-08-30T23:54:16.895162+00:00,3058,16777240,1,"Superseded encoding trial; retain logs, hashes and three source/control clips",deleted
mac-external,PROPOSE_DELETE,render-experiments,/Volumes/4T Data/buv_render/diagnostics/source_lossless_blocks500000_500299_x265_gbrp_ultrafast.mkv,136441315,136441856,2026-08-30T23:54:04.067178+00:00,3056,16777240,1,"Superseded encoding trial; retain logs, hashes and three source/control clips",deleted
mac-external,PROPOSE_DELETE,render-experiments,/Volumes/4T Data/buv_render/diagnostics/source_lossless_blocks500000_500299_x265_gbrp_veryfast.mkv,137291699,137293824,2026-08-30T23:54:34.552440+00:00,3061,16777240,1,"Superseded encoding trial; retain logs, hashes and three source/control clips",deleted
mac-external,PROPOSE_DELETE,render-experiments,/Volumes/4T Data/buv_render/diagnostics/source_lossless_blocks900000_900299.mkv,54051661,54054912,2026-08-30T23:53:08.272900+00:00,3054,16777240,1,"Superseded encoding trial; retain logs, hashes and three source/control clips",deleted
mac-external,PROPOSE_DELETE,render-experiments,/Volumes/4T Data/buv_render/seam_colorfloor_195k_225k_1080p.mkv,577969564,577970176,2026-08-28T05:00:48.243147+00:00,2529,16777240,1,Old sample or failed run; retain logs and selected short reference clips,deleted
mac-external,PROPOSE_DELETE,render-experiments,/Volumes/4T Data/buv_render/seam_cut_195k_225k_1080p.mkv,33364589158,33364590592,2026-09-03T05:51:15.356426+00:00,4040,16777240,1,Old sample or failed run; retain logs and selected short reference clips,deleted
mac-external,PROPOSE_DELETE,render-experiments,/Volumes/4T Data/buv_render/seam_exactledger_195k_225k_1080p.mkv,347176290,347176960,2026-08-27T00:05:52.459383+00:00,2467,16777240,1,Old sample or failed run; retain logs and selected short reference clips,deleted
mac-external,PROPOSE_DELETE,render-experiments,/Volumes/4T Data/buv_render/seam_topzone_195k_225k_1080p.mkv,464283390,464285696,2026-08-29T14:59:01.029509+00:00,2642,16777240,1,Old sample or failed run; retain logs and selected short reference clips,deleted
mac-external,PROPOSE_DELETE,render-experiments,/Volumes/4T Data/buv_render/seam_topzone_labelfix_195k_225k_1080p.mkv,464519920,464523264,2026-08-29T18:18:32.977629+00:00,2677,16777240,1,Old sample or failed run; retain logs and selected short reference clips,deleted
mac-external,PROPOSE_DELETE,render-experiments,/Volumes/4T Data/buv_render/seam_topzone_labelfix_195k_225k_1080p.mp4,464505937,464506880,2026-08-29T18:20:11.347104+00:00,2678,16777240,1,Old sample or failed run; retain logs and selected short reference clips,deleted
mac-external,PROPOSE_DELETE,render-experiments,/Volumes/4T Data/buv_render/seam_transition_195k_225k_1080p.mkv,33383829972,33383833600,2026-09-03T05:47:10.279654+00:00,4037,16777240,1,Old sample or failed run; retain logs and selected short reference clips,deleted
mac-external,PROPOSE_DELETE,render-experiments,/Volumes/4T Data/buv_render/seam_weighted_195k_225k_1080p.mkv,466453584,466456576,2026-08-29T13:19:00.430832+00:00,2614,16777240,1,Old sample or failed run; retain logs and selected short reference clips,deleted
mac-external,PROPOSE_DELETE,render-experiments,/Volumes/4T Data/buv_render/utxo_4k_blocks200000_207200_splitpalette10btc_crf21.mkv,266792578,266792960,2026-09-02T13:14:28.153167+00:00,3898,16777240,1,Old sample or failed run; retain logs and selected short reference clips,deleted
mac-external,PROPOSE_DELETE,render-experiments,/Volumes/4T Data/buv_render/utxo_4k_epoch105k_60fps_exactledger_weighted_topband_flashvaluefix.mkv,36202765513,36202766336,2026-08-30T02:06:34.869302+00:00,2792,16777240,1,Old sample or failed run; retain logs and selected short reference clips,deleted
mac-external,PROPOSE_DELETE,render-experiments,/Volumes/4T Data/buv_render/utxo_4k_middle_374195_590194_60fps_q70_epsfix.mkv,43570258591,43570262016,2026-09-02T01:43:06.037944+00:00,3775,16777240,1,Old sample or failed run; retain logs and selected short reference clips,deleted
mac-external,PROPOSE_DELETE,render-experiments,/Volumes/4T Data/buv_render/utxo_4k_middle_374195_590194_60fps_q70_epsfix.mp4,43570600717,43570601984,2026-09-02T01:45:47.639431+00:00,3793,16777240,1,Old sample or failed run; retain logs and selected short reference clips,deleted
mac-external,PROPOSE_DELETE,render-experiments,/Volumes/4T Data/buv_render/whaleflash_4k_blocks200000_207200.mkv,176091430,176095232,2026-08-29T19:19:53.870184+00:00,2711,16777240,1,Old sample or failed run; retain logs and selected short reference clips,deleted
mac-external,PROPOSE_DELETE,render-experiments,/Volumes/4T Data/buv_render/whaleflash_4k_blocks200000_207200.mp4,176089414,176091136,2026-08-29T19:20:10.114816+00:00,2712,16777240,1,Old sample or failed run; retain logs and selected short reference clips,deleted
mac-external,PROPOSE_DELETE,render-experiments,/Volumes/4T Data/buv_render/whaleflash_4k_blocks200000_207200_cleanstart.mkv,171980455,171982848,2026-08-29T19:23:00.652399+00:00,2715,16777240,1,Old sample or failed run; retain logs and selected short reference clips,deleted
mac-external,PROPOSE_DELETE,render-experiments,/Volumes/4T Data/buv_render/whaleflash_4k_blocks200000_207200_cleanstart.mp4,171978455,171978752,2026-08-29T19:23:18.228411+00:00,2716,16777240,1,Old sample or failed run; retain logs and selected short reference clips,deleted
mac-external,PROPOSE_DELETE,render-experiments,/Volumes/4T Data/buv_render/whaleflash_4k_blocks200000_207200_crisp.mkv,171952943,171954176,2026-08-30T14:30:15.336827+00:00,2932,16777240,1,Old sample or failed run; retain logs and selected short reference clips,deleted
mac-external,PROPOSE_DELETE,render-experiments,/Volumes/4T Data/buv_render/whaleflash_4k_blocks200000_207200_flowbars.mkv,173885011,173887488,2026-08-29T19:35:12.661511+00:00,2725,16777240,1,Old sample or failed run; retain logs and selected short reference clips,deleted
mac-external,PROPOSE_DELETE,render-experiments,/Volumes/4T Data/buv_render/whaleflash_4k_blocks200000_207200_flowbars.mp4,173882911,173883392,2026-08-29T19:35:19.739487+00:00,2726,16777240,1,Old sample or failed run; retain logs and selected short reference clips,deleted
mac-external,PROPOSE_DELETE,render-experiments,/Volumes/4T Data/buv_render/whaleflash_4k_blocks200000_207200_spendstars.mkv,171900124,171900928,2026-08-29T19:42:22.483738+00:00,2732,16777240,1,Old sample or failed run; retain logs and selected short reference clips,deleted
mac-external,PROPOSE_DELETE,render-experiments,/Volumes/4T Data/buv_render/whaleflash_4k_blocks200000_207200_spendstars.mp4,171898148,171900928,2026-08-29T19:42:29.441329+00:00,2733,16777240,1,Old sample or failed run; retain logs and selected short reference clips,deleted
mac-external,PROPOSE_DELETE,retired-fallback-or-reference,/Volumes/4T Data/buv_render/diagnostics/exactrgb_blocks101000_102350.ffv1.mkv,424833084,424837120,2026-08-31T06:02:19.856961+00:00,3128,16777240,1,Latest-only retention policy: no older fallback videos or generated test sources required,deleted
mac-external,PROPOSE_DELETE,retired-fallback-or-reference,/Volumes/4T Data/buv_render/diagnostics/exactrgb_blocks101000_102350.pixel104_321_blocks101280_101300.rgb24,63,4096,2026-08-31T06:04:26.322559+00:00,3137,16777240,1,Latest-only retention policy: no older fallback videos or generated test sources required,deleted
mac-external,PROPOSE_DELETE,retired-fallback-or-reference,/Volumes/4T Data/buv_render/diagnostics/exactrgb_blocks101000_102350.x265_gbrp_lossless.mkv,59377734,59379712,2026-08-31T06:02:59.336017+00:00,3130,16777240,1,Latest-only retention policy: no older fallback videos or generated test sources required,deleted
mac-external,PROPOSE_DELETE,retired-fallback-or-reference,/Volumes/4T Data/buv_render/diagnostics/source_lossless_blocks500000_500299.mkv,3310006065,3310006272,2026-08-30T23:40:14.820521+00:00,3038,16777240,1,Latest-only retention policy: no older fallback videos or generated test sources required,deleted
mac-external,PROPOSE_DELETE,retired-fallback-or-reference,/Volumes/4T Data/buv_render/utxo_4k_blocks200000_207200_splitpalette10btc_crf21.mp4,266866431,266866688,2026-09-02T13:15:03.387197+00:00,3899,16777240,1,Latest-only retention policy: no older fallback videos or generated test sources required,deleted
mac-external,PROPOSE_DELETE,retired-fallback-or-reference,/Volumes/4T Data/buv_render/utxo_4k_epoch105k_60fps_exactledger_weighted_topband_flashvaluefix_crisp.mp4,50509962432,50509963264,2026-08-30T18:53:27.057275+00:00,3000,16777240,1,Latest-only retention policy: no older fallback videos or generated test sources required,deleted
mac-external,PROPOSE_DELETE,retired-fallback-or-reference,/Volumes/4T Data/buv_render/utxo_4k_epoch105k_60fps_exactledger_weighted_topband_flashvaluefix_crisp_crf21_epsfix.mp4,82254323767,82254327808,2026-09-02T08:27:22.972530+00:00,3859,16777240,1,Latest-only retention policy: no older fallback videos or generated test sources required,deleted
mac-external,PROPOSE_DELETE,retired-fallback-or-reference,/Volumes/4T Data/buv_render/whaleflash_4k_blocks200000_207200_crisp.mp4,171951048,171954176,2026-08-30T14:30:32.637050+00:00,2933,16777240,1,Latest-only retention policy: no older fallback videos or generated test sources required,deleted
mac-external,PROPOSE_DELETE,retired-history-tests,/Volumes/4T Data/.Trashes-buv-test/hist_test-20260829/changes_200k.blk1,132357957,132358144,2026-08-30T01:51:47.330193+00:00,2833,16777240,1,Previously quarantined history test fixtures; no open handle found,deleted
mac-external,PROPOSE_DELETE,retired-history-tests,/Volumes/4T Data/.Trashes-buv-test/hist_test-20260829/changes_300k.blk1,605946976,605949952,2026-08-30T01:51:47.327036+00:00,2832,16777240,1,Previously quarantined history test fixtures; no open handle found,deleted
mac-external,PROPOSE_DELETE,retired-history-tests,/Volumes/4T Data/.Trashes-buv-test/hist_test-20260829/changes_truncated.blk1,18052618856,18052620288,2026-08-30T00:27:26.556567+00:00,2809,16777240,1,Previously quarantined history test fixtures; no open handle found,deleted
mac-external,PROPOSE_DELETE,retired-history-tests,/Volumes/4T Data/.Trashes-buv-test/hist_test-20260829/hist_s_incr.bin,1593828592,1593831424,2026-08-30T01:52:39.944237+00:00,2834,16777240,1,Previously quarantined history test fixtures; no open handle found,deleted
mac-external,PROPOSE_DELETE,retired-history-tests,/Volumes/4T Data/.Trashes-buv-test/hist_test-20260829/hist_s_ref.bin,1591428584,1591431168,2026-08-30T01:53:28.566186+00:00,2836,16777240,1,Previously quarantined history test fixtures; no open handle found,deleted
mac-external,PROPOSE_DELETE,superseded-full-media,/Volumes/4T Data/buv_render/utxo_4k_epoch105k_60fps.mkv,52511296637,52511297536,2026-08-17T15:52:49.122998+00:00,1790,16777240,1,Superseded output or MKV counterpart; retain protected master and fallbacks,deleted
mac-external,PROPOSE_DELETE,superseded-full-media,/Volumes/4T Data/buv_render/utxo_4k_epoch105k_60fps.mp4,52511028489,52511031296,2026-08-17T18:23:41.716805+00:00,1838,16777240,1,Superseded output or MKV counterpart; retain protected master and fallbacks,deleted
mac-external,PROPOSE_DELETE,superseded-full-media,/Volumes/4T Data/buv_render/utxo_4k_epoch105k_60fps_densityfix.mkv,52497919391,52497920000,2026-08-22T05:30:26.637496+00:00,2116,16777240,1,Superseded output or MKV counterpart; retain protected master and fallbacks,deleted
mac-external,PROPOSE_DELETE,superseded-full-media,/Volumes/4T Data/buv_render/utxo_4k_epoch105k_60fps_densityfix.mp4,52497512074,52497514496,2026-08-22T05:33:36.671107+00:00,2134,16777240,1,Superseded output or MKV counterpart; retain protected master and fallbacks,deleted
mac-external,PROPOSE_DELETE,superseded-full-media,/Volumes/4T Data/buv_render/utxo_4k_epoch105k_60fps_exactledger.mkv,42852030838,42852032512,2026-08-27T02:27:30.600616+00:00,2478,16777240,1,Superseded output or MKV counterpart; retain protected master and fallbacks,deleted
mac-external,PROPOSE_DELETE,superseded-full-media,/Volumes/4T Data/buv_render/utxo_4k_epoch105k_60fps_exactledger.mp4,42851507216,42851508224,2026-08-27T02:28:58.940877+00:00,2499,16777240,1,Superseded output or MKV counterpart; retain protected master and fallbacks,deleted
mac-external,PROPOSE_DELETE,superseded-full-media,/Volumes/4T Data/buv_render/utxo_4k_epoch105k_60fps_exactledger_weighted_topband.mkv,50250027281,50250031104,2026-08-29T22:23:15.623897+00:00,2742,16777240,1,Superseded output or MKV counterpart; retain protected master and fallbacks,deleted
mac-external,PROPOSE_DELETE,superseded-full-media,/Volumes/4T Data/buv_render/utxo_4k_epoch105k_60fps_exactledger_weighted_topband.mp4,50249568483,50249572352,2026-08-29T23:07:31.310424+00:00,2770,16777240,1,Superseded output or MKV counterpart; retain protected master and fallbacks,deleted
mac-external,PROPOSE_DELETE,superseded-full-media,/Volumes/4T Data/buv_render/utxo_4k_epoch105k_60fps_exactledger_weighted_topband_flashvaluefix_crisp.mkv,50510442761,50510446592,2026-08-30T18:24:06.064158+00:00,2960,16777240,1,Superseded output or MKV counterpart; retain protected master and fallbacks,deleted
mac-external,PROPOSE_DELETE,superseded-full-media,/Volumes/4T Data/buv_render/utxo_4k_epoch105k_60fps_exactledger_weighted_topband_flashvaluefix_crisp_crf21.mkv,83705560783,83705561088,2026-09-01T09:12:05.523111+00:00,3678,16777240,1,Superseded output or MKV counterpart; retain protected master and fallbacks,deleted
mac-external,PROPOSE_DELETE,superseded-full-media,/Volumes/4T Data/buv_render/utxo_4k_epoch105k_60fps_exactledger_weighted_topband_flashvaluefix_crisp_crf21.mp4,83715453433,83715457024,2026-09-01T09:20:23.001227+00:00,3697,16777240,1,Superseded output or MKV counterpart; retain protected master and fallbacks,deleted
mac-external,PROPOSE_DELETE,superseded-full-media,/Volumes/4T Data/buv_render/utxo_4k_epoch105k_60fps_exactledger_weighted_topband_flashvaluefix_crisp_crf21_epsfix.mkv,82244432128,82244435968,2026-09-02T08:01:05.014088+00:00,3824,16777240,1,Superseded output or MKV counterpart; retain protected master and fallbacks,deleted
mac-external,PROPOSE_DELETE,superseded-full-media,/Volumes/4T Data/buv_render/utxo_4k_epoch105k_60fps_exactledger_weighted_topband_flashvaluefix_retry2.mkv,50534180427,50534182912,2026-08-30T04:51:00.621484+00:00,2869,16777240,1,Superseded output or MKV counterpart; retain protected master and fallbacks,deleted
mac-external,PROPOSE_DELETE,superseded-full-media,/Volumes/4T Data/buv_render/utxo_4k_epoch105k_60fps_exactledger_weighted_topband_flashvaluefix_retry2.mp4,50533698698,50533699584,2026-08-30T05:03:36.699171+00:00,2891,16777240,1,Superseded output or MKV counterpart; retain protected master and fallbacks,deleted
mac-external,PROPOSE_DELETE,superseded-full-media,/Volumes/4T Data/buv_render/utxo_4k_epoch105k_60fps_exactledger_weighted_topband_splitpalette_transition_crf21.mkv,83916890469,83916894208,2026-09-03T11:36:00.039482+00:00,4054,16777240,1,Superseded output or MKV counterpart; retain protected master and fallbacks,deleted
mac-external,PROPOSE_DELETE,superseded-full-media,/Volumes/4T Data/buv_render/utxo_4k_epoch105k_60fps_orderfix.mkv,42622218970,42622222336,2026-08-24T22:10:24.134585+00:00,2356,16777240,1,Superseded output or MKV counterpart; retain protected master and fallbacks,deleted
mac-external,PROPOSE_DELETE,superseded-full-media,/Volumes/4T Data/buv_render/utxo_4k_epoch105k_60fps_orderfix.mp4,42621692001,42621693952,2026-08-24T22:12:18.768333+00:00,2371,16777240,1,Superseded output or MKV counterpart; retain protected master and fallbacks,deleted
mac-external,PROPOSE_DELETE,superseded-full-media,/Volumes/4T Data/buv_render/utxo_4k_epoch105k_60fps_thru962957.mkv,55270978780,55270981632,2026-08-18T15:09:16.697961+00:00,1925,16777240,1,Superseded output or MKV counterpart; retain protected master and fallbacks,deleted
mac-external,PROPOSE_DELETE,superseded-full-media,/Volumes/4T Data/buv_render/utxo_4k_epoch105k_60fps_thru962957.mp4,55270726697,55270727680,2026-08-18T17:30:02.044502+00:00,1981,16777240,1,Superseded output or MKV counterpart; retain protected master and fallbacks,deleted
mac-internal,PROPOSE_DELETE,legacy-mac-data,/Users/t/Documents/Kode/Workspaces/Clone UTXO visualizer/buv_data/changes.blk1.resume,17891815450,17891819520,2026-08-17T23:42:52.950845+00:00,146279358,16777234,1,Legacy UTXO checkpoint or resumed BLK; archive linked presets and preserve modern v3 pair first,deleted
mac-internal,PROPOSE_DELETE,legacy-mac-data,/Users/t/Documents/Kode/Workspaces/Clone UTXO visualizer/buv_data/checkpoint.utxo,8161658472,8161660928,2026-08-17T22:29:46.340835+00:00,146372407,16777234,1,Legacy UTXO checkpoint or resumed BLK; archive linked presets and preserve modern v3 pair first,deleted
mac-internal,PROPOSE_DELETE,legacy-mac-data,/Users/t/Documents/Kode/Workspaces/Clone UTXO visualizer/buv_data/checkpoint_mac.utxo,53844088,53846016,2026-08-17T00:53:57.066866+00:00,145873307,16777234,1,Legacy UTXO checkpoint or resumed BLK; archive linked presets and preserve modern v3 pair first,deleted
mac-internal,PROPOSE_DELETE,loose-frame-dumps,/Users/t/Documents/Kode/Workspaces/Clone UTXO visualizer/img_0207201.ppm,24883217,24887296,2026-09-02T13:14:27.003568+00:00,156163709,16777234,1,Generated terminal-frame dump; retain final-frame visual evidence before removal,deleted
mac-internal,PROPOSE_DELETE,loose-frame-dumps,/Users/t/Documents/Kode/Workspaces/Clone UTXO visualizer/img_0225001.ppm,6220817,6221824,2026-09-03T05:51:15.091775+00:00,154859938,16777234,1,Generated terminal-frame dump; retain final-frame visual evidence before removal,deleted
mac-internal,PROPOSE_DELETE,loose-frame-dumps,/Users/t/Documents/Kode/Workspaces/Clone UTXO visualizer/img_0931024.ppm,24883217,24887296,2026-08-17T15:52:48.855176+00:00,25679171,16777234,1,Generated terminal-frame dump; retain final-frame visual evidence before removal,deleted
mac-internal,PROPOSE_DELETE,loose-frame-dumps,/Users/t/Documents/Kode/Workspaces/Clone UTXO visualizer/img_0962957.ppm,24883217,24887296,2026-08-27T02:27:30.266141+00:00,147003139,16777234,1,Generated terminal-frame dump; retain final-frame visual evidence before removal,deleted
mac-internal,PROPOSE_DELETE,loose-frame-dumps,/Users/t/Documents/Kode/Workspaces/Clone UTXO visualizer/img_0964388.ppm,24883217,24887296,2026-09-03T11:35:59.223858+00:00,156243911,16777234,1,Generated terminal-frame dump; retain final-frame visual evidence before removal,deleted
mac-internal,PROPOSE_DELETE,old-local-video,/Users/t/Documents/Kode/Workspaces/Clone UTXO visualizer/buv_output/utxo_4k_epoch105k_60fps.mkv,104371106,104374272,2026-08-17T13:39:44.131914+00:00,146107560,16777234,1,Old small local output; keep its log,deleted
umbrel,PROPOSE_DELETE,superseded-input-snapshot,/home/umbrel/buv_data/changes.blk1.new964k,18219536984,18219565056,2026-08-28T12:56:04.792300+00:00,1580,,1,Latest instruction keeps existing Mac working input and node v3 updater pair; no migration or duplicate backup required,deleted
umbrel,KEEP,protected,/home/umbrel/buv_data/changes.blk1.v3,18223221539,18223304704,2026-08-29T06:58:38.448389+00:00,100,,1,Working incremental BLK,kept
umbrel,KEEP,protected,/home/umbrel/buv_data/checkpoint_v3.utxo,10446455628,10446528512,2026-08-29T07:03:48.746319+00:00,2852,,1,Matching exact-resume v3 checkpoint at block 964483,kept
umbrel,PROPOSE_DELETE,legacy-node-data,/home/umbrel/buv_data/changes.blk1,17061105775,17061150720,2026-01-06T02:42:29.448562+00:00,10955,,1,Obsolete dataset or checkpoint; retain working node v3 pair and Mac render input,deleted
umbrel,PROPOSE_DELETE,legacy-node-data,/home/umbrel/buv_data/changes.blk1.full,18165021409,18165051392,2026-08-18T06:47:43.532094+00:00,1399,,1,Obsolete dataset or checkpoint; retain working node v3 pair and Mac render input,deleted
umbrel,PROPOSE_DELETE,legacy-node-data,/home/umbrel/buv_data/changes.blk1.resume,295275584,295280640,2026-08-17T02:00:48.707678+00:00,15621,,1,Obsolete dataset or checkpoint; retain working node v3 pair and Mac render input,deleted
umbrel,PROPOSE_DELETE,legacy-node-data,/home/umbrel/buv_data/changes.blk1.truncated,17028590689,17028632576,2026-08-17T01:47:42.071185+00:00,2433,,1,Obsolete dataset or checkpoint; retain working node v3 pair and Mac render input,deleted
umbrel,PROPOSE_DELETE,legacy-node-data,/home/umbrel/buv_data/changes.blk1.v2,9911923440,9911939072,2026-08-28T20:57:10.821685+00:00,1810,,1,Obsolete dataset or checkpoint; retain working node v3 pair and Mac render input,deleted
umbrel,PROPOSE_DELETE,legacy-node-data,/home/umbrel/buv_data/checkpoint.utxo,53844088,53850112,2026-08-17T01:59:27.106184+00:00,15625,,1,Obsolete dataset or checkpoint; retain working node v3 pair and Mac render input,deleted
umbrel,PROPOSE_DELETE,legacy-node-data,/home/umbrel/buv_data/checkpoint_new964k.utxo,7281384920,7281393664,2026-08-28T12:53:00.748868+00:00,1732,,1,Obsolete dataset or checkpoint; retain working node v3 pair and Mac render input,deleted
umbrel,PROPOSE_DELETE,legacy-node-data,/home/umbrel/buv_data/checkpoint_node.utxo,7281384920,7281397760,2026-08-18T06:45:30.721648+00:00,223,,1,Obsolete dataset or checkpoint; retain working node v3 pair and Mac render input,deleted
umbrel,PROPOSE_DELETE,legacy-node-data,/home/umbrel/buv_data/checkpoint_v2.utxo,1923514564,1923526656,2026-08-28T20:55:32.827849+00:00,125,,1,Obsolete dataset or checkpoint; retain working node v3 pair and Mac render input,deleted
umbrel,PROPOSE_DELETE,old-node-videos,/home/umbrel/buv_output/seamtest_pointfix.mp4,294503920,294510592,2026-08-22T02:21:07.606049+00:00,98309,,1,Old rendering experiment; preserve logs and screenshots,deleted
umbrel,PROPOSE_DELETE,old-node-videos,/home/umbrel/buv_output/utxo_4k_normalizedGeo_epoch105k_ratio0.5_decaygradient_60fps.mp4,38592477093,38592573440,2026-01-25T14:44:55.306385+00:00,109467,,1,Old rendering experiment; preserve logs and screenshots,deleted
umbrel,PROPOSE_DELETE,old-node-videos,/home/umbrel/buv_output/utxo_4k_normalizedGeometric_epoch105k_ratio0.5_decaygradient_60fps.mp4,6953183611,6953197568,2026-01-27T11:27:15.437091+00:00,109532,,1,Old rendering experiment; preserve logs and screenshots,deleted
